{
  "pearson": NaN,
  "spearman": 0.8095238095238096,
  "rmse": 0.3340443455801983
}