lectin_id,lectin_name,glycan_id,glycan_iupac,glytoucan_id,pred_bin,pred_reg,actual_bin
4150,A0A0S4TLR1,G82576YO,Fuc,G82576YO,2.305276029801462e-05,0.255984365940094,0.0
4107,Q8XXK6,G82576YO,Fuc,G82576YO,2.305276029801462e-05,0.255984365940094,0.0
1137,UPI000150AC21,G27025MB,GalNAc,G27025MB,2.4299684810102917e-05,0.3970431387424469,0.0
4150,A0A0S4TLR1,G82576YO,Fuc,G82576YO,2.305276029801462e-05,0.255984365940094,0.0
1137,UPI000150AC21,G27025MB,GalNAc,G27025MB,2.4299684810102917e-05,0.3970431387424469,0.0
1137,UPI000150AC21,G27025MB,GalNAc,G27025MB,2.4299684810102917e-05,0.3970431387424469,0.0
4150,A0A0S4TLR1,G82576YO,Fuc,G82576YO,2.305276029801462e-05,0.255984365940094,0.0
1137,UPI000150AC21,G27025MB,GalNAc,G27025MB,2.4299684810102917e-05,0.3970431387424469,0.0
