{
  "best_val_mse": 0.1422303169965744,
  "test_mse": 0.21634697914123535,
  "epochs": 100
}